{
"lengthUnit": "mil",
"components": {
	"fields": ["COMPONENT_NO", "COMPONENT_NAME", "LAYER", "X_COORDINATE", "Y_COORDINATE", "ANGLE"],
	"rows": [
		[1, "H1", "T", 240, -535, 0],
		[2, "H1", "T", 785, -531.38, 0],
		[3, "H1", "T", 1345, -531.38, 0],
		[4, "H1", "T", 242.5, -1188.19, 0],
		[5, "H1", "T", 787.5, -1184.57, 0],
		[6, "H1", "T", 1347.5, -1184.57, 0],
		[7, "H1", "T", 247.5, -1842.7, 0],
		[8, "H1", "T", 792.5, -1839.07, 0],
		[9, "H1N1", "T", 1352.5, -1839.07, 0],
		[10, "R1", "T", 107.34, -430, 180],
		[11, "R1", "T", 652.34, -426.38, 180],
		[12, "R1", "T", 1212.34, -426.38, 180],
		[13, "R1", "T", 109.84, -1083.19, 180],
		[14, "R1", "T", 654.84, -1079.57, 180],
		[15, "R1", "T", 1214.84, -1079.57, 180],
		[16, "R1", "T", 114.84, -1737.7, 180],
		[17, "R1", "T", 659.84, -1734.07, 180],
		[18, "R1N1", "T", 1219.84, -1734.07, 180],
		[19, "R2", "T", 372.66, -430, 0],
		[20, "R2", "T", 917.66, -426.38, 0],
		[21, "R2", "T", 1477.66, -426.38, 0],
		[22, "R2", "T", 375.16, -1083.19, 0],
		[23, "R2", "T", 920.16, -1079.57, 0],
		[24, "R2", "T", 1480.16, -1079.57, 0],
		[25, "R2", "T", 380.16, -1737.7, 0],
		[26, "R2", "T", 925.16, -1734.07, 0],
		[27, "R2N1", "T", 1485.16, -1734.07, 0],
		[28, "USBC1", "T", 240, -216.23, 180],
		[29, "USBC1", "T", 785, -212.6, 180],
		[30, "USBC1", "T", 1345, -212.6, 180],
		[31, "USBC1", "T", 242.5, -869.41, 180],
		[32, "USBC1", "T", 787.5, -865.79, 180],
		[33, "USBC1", "T", 1347.5, -865.79, 180],
		[34, "USBC1", "T", 247.5, -1523.92, 180],
		[35, "USBC1", "T", 792.5, -1520.3, 180],
		[36, "USBC1N1", "T", 1352.5, -1520.3, 180]
	]
},
"pins": {
	"fields": ["PIN_NO", "PIN_NAME", "PIN_X", "PIN_Y", "LAYER", "PIN_TYPE", "NET_NAME", "NET_TYPE", "PAD_SHAPE", "PAD_SIZEX", "PAD_SIZEY", "HOLE_SIZE", "PAD_ANGLE"],
	"rows": [
		[1, "H1_1", 90, -535, "T", "DIP", "GND", "GND", "R", 66.93, 66.93, 43.31, 0],
		[2, "H1_1", 90, -535, "B", "DIP", "GND", "GND", "R", 66.93, 66.93, 43.31, 0],
		[3, "H1_2", 190, -535, "T", "DIP", "D+", "", "C", 66.93, 66.93, 43.31, 0],
		[4, "H1_2", 190, -535, "B", "DIP", "D+", "", "C", 66.93, 66.93, 43.31, 0],
		[5, "H1_3", 290, -535, "T", "DIP", "D-", "", "C", 66.93, 66.93, 43.31, 0],
		[6, "H1_3", 290, -535, "B", "DIP", "D-", "", "C", 66.93, 66.93, 43.31, 0],
		[7, "H1_4", 390, -535, "T", "DIP", "+5V", "", "C", 66.93, 66.93, 43.31, 0],
		[8, "H1_4", 390, -535, "B", "DIP", "+5V", "", "C", 66.93, 66.93, 43.31, 0],
		[9, "H1_1", 635, -531.38, "T", "DIP", "GND", "GND", "R", 66.93, 66.93, 43.31, 0],
		[10, "H1_1", 635, -531.38, "B", "DIP", "GND", "GND", "R", 66.93, 66.93, 43.31, 0],
		[11, "H1_2", 735, -531.38, "T", "DIP", "D+", "", "C", 66.93, 66.93, 43.31, 0],
		[12, "H1_2", 735, -531.38, "B", "DIP", "D+", "", "C", 66.93, 66.93, 43.31, 0],
		[13, "H1_3", 835, -531.38, "T", "DIP", "D-", "", "C", 66.93, 66.93, 43.31, 0],
		[14, "H1_3", 835, -531.38, "B", "DIP", "D-", "", "C", 66.93, 66.93, 43.31, 0],
		[15, "H1_4", 935, -531.38, "T", "DIP", "+5V", "", "C", 66.93, 66.93, 43.31, 0],
		[16, "H1_4", 935, -531.38, "B", "DIP", "+5V", "", "C", 66.93, 66.93, 43.31, 0],
		[17, "H1_1", 1195, -531.38, "T", "DIP", "GND", "GND", "R", 66.93, 66.93, 43.31, 0],
		[18, "H1_1", 1195, -531.38, "B", "DIP", "GND", "GND", "R", 66.93, 66.93, 43.31, 0],
		[19, "H1_2", 1295, -531.38, "T", "DIP", "D+", "", "C", 66.93, 66.93, 43.31, 0],
		[20, "H1_2", 1295, -531.38, "B", "DIP", "D+", "", "C", 66.93, 66.93, 43.31, 0],
		[21, "H1_3", 1395, -531.38, "T", "DIP", "D-", "", "C", 66.93, 66.93, 43.31, 0],
		[22, "H1_3", 1395, -531.38, "B", "DIP", "D-", "", "C", 66.93, 66.93, 43.31, 0],
		[23, "H1_4", 1495, -531.38, "T", "DIP", "+5V", "", "C", 66.93, 66.93, 43.31, 0],
		[24, "H1_4", 1495, -531.38, "B", "DIP", "+5V", "", "C", 66.93, 66.93, 43.31, 0],
		[25, "H1_1", 92.5, -1188.19, "T", "DIP", "GND", "GND", "R", 66.93, 66.93, 43.31, 0],
		[26, "H1_1", 92.5, -1188.19, "B", "DIP", "GND", "GND", "R", 66.93, 66.93, 43.31, 0],
		[27, "H1_2", 192.5, -1188.19, "T", "DIP", "D+", "", "C", 66.93, 66.93, 43.31, 0],
		[28, "H1_2", 192.5, -1188.19, "B", "DIP", "D+", "", "C", 66.93, 66.93, 43.31, 0],
		[29, "H1_3", 292.5, -1188.19, "T", "DIP", "D-", "", "C", 66.93, 66.93, 43.31, 0],
		[30, "H1_3", 292.5, -1188.19, "B", "DIP", "D-", "", "C", 66.93, 66.93, 43.31, 0],
		[31, "H1_4", 392.5, -1188.19, "T", "DIP", "+5V", "", "C", 66.93, 66.93, 43.31, 0],
		[32, "H1_4", 392.5, -1188.19, "B", "DIP", "+5V", "", "C", 66.93, 66.93, 43.31, 0],
		[33, "H1_1", 637.5, -1184.57, "T", "DIP", "GND", "GND", "R", 66.93, 66.93, 43.31, 0],
		[34, "H1_1", 637.5, -1184.57, "B", "DIP", "GND", "GND", "R", 66.93, 66.93, 43.31, 0],
		[35, "H1_2", 737.5, -1184.57, "T", "DIP", "D+", "", "C", 66.93, 66.93, 43.31, 0],
		[36, "H1_2", 737.5, -1184.57, "B", "DIP", "D+", "", "C", 66.93, 66.93, 43.31, 0],
		[37, "H1_3", 837.5, -1184.57, "T", "DIP", "D-", "", "C", 66.93, 66.93, 43.31, 0],
		[38, "H1_3", 837.5, -1184.57, "B", "DIP", "D-", "", "C", 66.93, 66.93, 43.31, 0],
		[39, "H1_4", 937.5, -1184.57, "T", "DIP", "+5V", "", "C", 66.93, 66.93, 43.31, 0],
		[40, "H1_4", 937.5, -1184.57, "B", "DIP", "+5V", "", "C", 66.93, 66.93, 43.31, 0],
		[41, "H1_1", 1197.5, -1184.57, "T", "DIP", "GND", "GND", "R", 66.93, 66.93, 43.31, 0],
		[42, "H1_1", 1197.5, -1184.57, "B", "DIP", "GND", "GND", "R", 66.93, 66.93, 43.31, 0],
		[43, "H1_2", 1297.5, -1184.57, "T", "DIP", "D+", "", "C", 66.93, 66.93, 43.31, 0],
		[44, "H1_2", 1297.5, -1184.57, "B", "DIP", "D+", "", "C", 66.93, 66.93, 43.31, 0],
		[45, "H1_3", 1397.5, -1184.57, "T", "DIP", "D-", "", "C", 66.93, 66.93, 43.31, 0],
		[46, "H1_3", 1397.5, -1184.57, "B", "DIP", "D-", "", "C", 66.93, 66.93, 43.31, 0],
		[47, "H1_4", 1497.5, -1184.57, "T", "DIP", "+5V", "", "C", 66.93, 66.93, 43.31, 0],
		[48, "H1_4", 1497.5, -1184.57, "B", "DIP", "+5V", "", "C", 66.93, 66.93, 43.31, 0],
		[49, "H1_1", 97.5, -1842.7, "T", "DIP", "GND", "GND", "R", 66.93, 66.93, 43.31, 0],
		[50, "H1_1", 97.5, -1842.7, "B", "DIP", "GND", "GND", "R", 66.93, 66.93, 43.31, 0],
		[51, "H1_2", 197.5, -1842.7, "T", "DIP", "D+", "", "C", 66.93, 66.93, 43.31, 0],
		[52, "H1_2", 197.5, -1842.7, "B", "DIP", "D+", "", "C", 66.93, 66.93, 43.31, 0],
		[53, "H1_3", 297.5, -1842.7, "T", "DIP", "D-", "", "C", 66.93, 66.93, 43.31, 0],
		[54, "H1_3", 297.5, -1842.7, "B", "DIP", "D-", "", "C", 66.93, 66.93, 43.31, 0],
		[55, "H1_4", 397.5, -1842.7, "T", "DIP", "+5V", "", "C", 66.93, 66.93, 43.31, 0],
		[56, "H1_4", 397.5, -1842.7, "B", "DIP", "+5V", "", "C", 66.93, 66.93, 43.31, 0],
		[57, "H1_1", 642.5, -1839.07, "T", "DIP", "GND", "GND", "R", 66.93, 66.93, 43.31, 0],
		[58, "H1_1", 642.5, -1839.07, "B", "DIP", "GND", "GND", "R", 66.93, 66.93, 43.31, 0],
		[59, "H1_2", 742.5, -1839.07, "T", "DIP", "D+", "", "C", 66.93, 66.93, 43.31, 0],
		[60, "H1_2", 742.5, -1839.07, "B", "DIP", "D+", "", "C", 66.93, 66.93, 43.31, 0],
		[61, "H1_3", 842.5, -1839.07, "T", "DIP", "D-", "", "C", 66.93, 66.93, 43.31, 0],
		[62, "H1_3", 842.5, -1839.07, "B", "DIP", "D-", "", "C", 66.93, 66.93, 43.31, 0],
		[63, "H1_4", 942.5, -1839.07, "T", "DIP", "+5V", "", "C", 66.93, 66.93, 43.31, 0],
		[64, "H1_4", 942.5, -1839.07, "B", "DIP", "+5V", "", "C", 66.93, 66.93, 43.31, 0],
		[65, "H1N1_1", 1202.5, -1839.07, "T", "DIP", "GND", "GND", "R", 66.93, 66.93, 43.31, 0],
		[66, "H1N1_1", 1202.5, -1839.07, "B", "DIP", "GND", "GND", "R", 66.93, 66.93, 43.31, 0],
		[67, "H1N1_2", 1302.5, -1839.07, "T", "DIP", "D+", "", "C", 66.93, 66.93, 43.31, 0],
		[68, "H1N1_2", 1302.5, -1839.07, "B", "DIP", "D+", "", "C", 66.93, 66.93, 43.31, 0],
		[69, "H1N1_3", 1402.5, -1839.07, "T", "DIP", "D-", "", "C", 66.93, 66.93, 43.31, 0],
		[70, "H1N1_3", 1402.5, -1839.07, "B", "DIP", "D-", "", "C", 66.93, 66.93, 43.31, 0],
		[71, "H1N1_4", 1502.5, -1839.07, "T", "DIP", "+5V", "", "C", 66.93, 66.93, 43.31, 0],
		[72, "H1N1_4", 1502.5, -1839.07, "B", "DIP", "+5V", "", "C", 66.93, 66.93, 43.31, 0],
		[73, "R1_1", 146.71, -430, "T", "SMD", "CC2", "", "R", 44.59, 54.21, 0, 180],
		[74, "R1_2", 67.97, -430, "T", "SMD", "GND", "GND", "R", 44.59, 54.21, 0, 180],
		[75, "R1_1", 691.71, -426.38, "T", "SMD", "CC2", "", "R", 44.59, 54.21, 0, 180],
		[76, "R1_2", 612.97, -426.38, "T", "SMD", "GND", "GND", "R", 44.59, 54.21, 0, 180],
		[77, "R1_1", 1251.71, -426.38, "T", "SMD", "CC2", "", "R", 44.59, 54.21, 0, 180],
		[78, "R1_2", 1172.97, -426.38, "T", "SMD", "GND", "GND", "R", 44.59, 54.21, 0, 180],
		[79, "R1_1", 149.21, -1083.19, "T", "SMD", "CC2", "", "R", 44.59, 54.21, 0, 180],
		[80, "R1_2", 70.47, -1083.19, "T", "SMD", "GND", "GND", "R", 44.59, 54.21, 0, 180],
		[81, "R1_1", 694.21, -1079.57, "T", "SMD", "CC2", "", "R", 44.59, 54.21, 0, 180],
		[82, "R1_2", 615.47, -1079.57, "T", "SMD", "GND", "GND", "R", 44.59, 54.21, 0, 180],
		[83, "R1_1", 1254.21, -1079.57, "T", "SMD", "CC2", "", "R", 44.59, 54.21, 0, 180],
		[84, "R1_2", 1175.47, -1079.57, "T", "SMD", "GND", "GND", "R", 44.59, 54.21, 0, 180],
		[85, "R1_1", 154.21, -1737.7, "T", "SMD", "CC2", "", "R", 44.59, 54.21, 0, 180],
		[86, "R1_2", 75.47, -1737.7, "T", "SMD", "GND", "GND", "R", 44.59, 54.21, 0, 180],
		[87, "R1_1", 699.21, -1734.07, "T", "SMD", "CC2", "", "R", 44.59, 54.21, 0, 180],
		[88, "R1_2", 620.47, -1734.07, "T", "SMD", "GND", "GND", "R", 44.59, 54.21, 0, 180],
		[89, "R1N1_1", 1259.21, -1734.07, "T", "SMD", "CC2", "", "R", 44.59, 54.21, 0, 180],
		[90, "R1N1_2", 1180.47, -1734.07, "T", "SMD", "GND", "GND", "R", 44.59, 54.21, 0, 180],
		[91, "R2_1", 333.29, -430, "T", "SMD", "CC1", "", "R", 44.59, 54.21, 0, 0],
		[92, "R2_2", 412.03, -430, "T", "SMD", "GND", "GND", "R", 44.59, 54.21, 0, 0],
		[93, "R2_1", 878.29, -426.38, "T", "SMD", "CC1", "", "R", 44.59, 54.21, 0, 0],
		[94, "R2_2", 957.03, -426.38, "T", "SMD", "GND", "GND", "R", 44.59, 54.21, 0, 0],
		[95, "R2_1", 1438.29, -426.38, "T", "SMD", "CC1", "", "R", 44.59, 54.21, 0, 0],
		[96, "R2_2", 1517.03, -426.38, "T", "SMD", "GND", "GND", "R", 44.59, 54.21, 0, 0],
		[97, "R2_1", 335.79, -1083.19, "T", "SMD", "CC1", "", "R", 44.59, 54.21, 0, 0],
		[98, "R2_2", 414.53, -1083.19, "T", "SMD", "GND", "GND", "R", 44.59, 54.21, 0, 0],
		[99, "R2_1", 880.79, -1079.57, "T", "SMD", "CC1", "", "R", 44.59, 54.21, 0, 0],
		[100, "R2_2", 959.53, -1079.57, "T", "SMD", "GND", "GND", "R", 44.59, 54.21, 0, 0],
		[101, "R2_1", 1440.79, -1079.57, "T", "SMD", "CC1", "", "R", 44.59, 54.21, 0, 0],
		[102, "R2_2", 1519.53, -1079.57, "T", "SMD", "GND", "GND", "R", 44.59, 54.21, 0, 0],
		[103, "R2_1", 340.79, -1737.7, "T", "SMD", "CC1", "", "R", 44.59, 54.21, 0, 0],
		[104, "R2_2", 419.53, -1737.7, "T", "SMD", "GND", "GND", "R", 44.59, 54.21, 0, 0],
		[105, "R2_1", 885.79, -1734.07, "T", "SMD", "CC1", "", "R", 44.59, 54.21, 0, 0],
		[106, "R2_2", 964.53, -1734.07, "T", "SMD", "GND", "GND", "R", 44.59, 54.21, 0, 0],
		[107, "R2N1_1", 1445.79, -1734.07, "T", "SMD", "CC1", "", "R", 44.59, 54.21, 0, 0],
		[108, "R2N1_2", 1524.53, -1734.07, "T", "SMD", "GND", "GND", "R", 44.59, 54.21, 0, 0],
		[109, "USBC1_0", 410.28, -283.38, "T", "DIP", "GND", "GND", "O", 47.24, 78.74, 62.99, 180],
		[110, "USBC1_0", 410.28, -283.38, "B", "DIP", "GND", "GND", "O", 47.24, 78.74, 62.99, 180],
		[111, "USBC1_1", 69.72, -283.38, "T", "DIP", "GND", "GND", "O", 47.24, 78.74, 62.99, 180],
		[112, "USBC1_1", 69.72, -283.38, "B", "DIP", "GND", "GND", "O", 47.24, 78.74, 62.99, 180],
		[113, "USBC1_2", 69.72, -118.82, "T", "DIP", "GND", "GND", "O", 47.24, 70.87, 55.12, 180],
		[114, "USBC1_2", 69.72, -118.82, "B", "DIP", "GND", "GND", "O", 47.24, 70.87, 55.12, 180],
		[115, "USBC1_3", 410.28, -118.82, "T", "DIP", "GND", "GND", "O", 47.24, 70.87, 55.12, 180],
		[116, "USBC1_3", 410.28, -118.82, "B", "DIP", "GND", "GND", "O", 47.24, 70.87, 55.12, 180],
		[117, "USBC1_A1", 371.89, -313.63, "T", "SMD", "GND", "GND", "R", 11.81, 51.18, 0, 180],
		[118, "USBC1_A12", 108.11, -313.63, "T", "SMD", "GND", "GND", "R", 11.81, 51.18, 0, 180],
		[119, "USBC1_A4", 340.39, -313.63, "T", "SMD", "+5V", "", "R", 11.81, 51.18, 0, 180],
		[120, "USBC1_A5", 289.21, -313.63, "T", "SMD", "CC1", "", "R", 11.81, 51.18, 0, 180],
		[121, "USBC1_A6", 249.84, -313.63, "T", "SMD", "D+", "", "R", 11.81, 51.18, 0, 180],
		[122, "USBC1_A7", 230.16, -313.63, "T", "SMD", "D-", "", "R", 11.81, 51.18, 0, 180],
		[123, "USBC1_A8", 190.8, -313.63, "T", "SMD", "USBC1_A8", "", "R", 11.81, 51.18, 0, 180],
		[124, "USBC1_A9", 139.6, -313.63, "T", "SMD", "+5V", "", "R", 11.81, 51.18, 0, 180],
		[125, "USBC1_B1", 119.92, -313.63, "T", "SMD", "GND", "GND", "R", 11.81, 51.18, 0, 180],
		[126, "USBC1_B12", 360.08, -313.63, "T", "SMD", "GND", "GND", "R", 11.81, 51.18, 0, 180],
		[127, "USBC1_B4", 151.42, -313.63, "T", "SMD", "+5V", "", "R", 11.81, 51.18, 0, 180],
		[128, "USBC1_B5", 171.1, -313.63, "T", "SMD", "CC2", "", "R", 11.81, 51.18, 0, 180],
		[129, "USBC1_B6", 210.47, -313.63, "T", "SMD", "D+", "", "R", 11.81, 51.18, 0, 180],
		[130, "USBC1_B7", 269.53, -313.63, "T", "SMD", "D-", "", "R", 11.81, 51.18, 0, 180],
		[131, "USBC1_B8", 308.9, -313.63, "T", "SMD", "USBC1_B8", "", "R", 11.81, 51.18, 0, 180],
		[132, "USBC1_B9", 328.58, -313.63, "T", "SMD", "+5V", "", "R", 11.81, 51.18, 0, 180],
		[133, "USBC1_0", 955.28, -279.76, "T", "DIP", "GND", "GND", "O", 47.24, 78.74, 62.99, 180],
		[134, "USBC1_0", 955.28, -279.76, "B", "DIP", "GND", "GND", "O", 47.24, 78.74, 62.99, 180],
		[135, "USBC1_1", 614.72, -279.76, "T", "DIP", "GND", "GND", "O", 47.24, 78.74, 62.99, 180],
		[136, "USBC1_1", 614.72, -279.76, "B", "DIP", "GND", "GND", "O", 47.24, 78.74, 62.99, 180],
		[137, "USBC1_2", 614.72, -115.2, "T", "DIP", "GND", "GND", "O", 47.24, 70.87, 55.12, 180],
		[138, "USBC1_2", 614.72, -115.2, "B", "DIP", "GND", "GND", "O", 47.24, 70.87, 55.12, 180],
		[139, "USBC1_3", 955.28, -115.2, "T", "DIP", "GND", "GND", "O", 47.24, 70.87, 55.12, 180],
		[140, "USBC1_3", 955.28, -115.2, "B", "DIP", "GND", "GND", "O", 47.24, 70.87, 55.12, 180],
		[141, "USBC1_A1", 916.89, -310.01, "T", "SMD", "GND", "GND", "R", 11.81, 51.18, 0, 180],
		[142, "USBC1_A12", 653.11, -310.01, "T", "SMD", "GND", "GND", "R", 11.81, 51.18, 0, 180],
		[143, "USBC1_A4", 885.39, -310.01, "T", "SMD", "+5V", "", "R", 11.81, 51.18, 0, 180],
		[144, "USBC1_A5", 834.21, -310.01, "T", "SMD", "CC1", "", "R", 11.81, 51.18, 0, 180],
		[145, "USBC1_A6", 794.84, -310.01, "T", "SMD", "D+", "", "R", 11.81, 51.18, 0, 180],
		[146, "USBC1_A7", 775.16, -310.01, "T", "SMD", "D-", "", "R", 11.81, 51.18, 0, 180],
		[147, "USBC1_A8", 735.8, -310.01, "T", "SMD", "USBC1_A_A8", "", "R", 11.81, 51.18, 0, 180],
		[148, "USBC1_A9", 684.6, -310.01, "T", "SMD", "+5V", "", "R", 11.81, 51.18, 0, 180],
		[149, "USBC1_B1", 664.92, -310.01, "T", "SMD", "GND", "GND", "R", 11.81, 51.18, 0, 180],
		[150, "USBC1_B12", 905.08, -310.01, "T", "SMD", "GND", "GND", "R", 11.81, 51.18, 0, 180],
		[151, "USBC1_B4", 696.42, -310.01, "T", "SMD", "+5V", "", "R", 11.81, 51.18, 0, 180],
		[152, "USBC1_B5", 716.1, -310.01, "T", "SMD", "CC2", "", "R", 11.81, 51.18, 0, 180],
		[153, "USBC1_B6", 755.47, -310.01, "T", "SMD", "D+", "", "R", 11.81, 51.18, 0, 180],
		[154, "USBC1_B7", 814.53, -310.01, "T", "SMD", "D-", "", "R", 11.81, 51.18, 0, 180],
		[155, "USBC1_B8", 853.9, -310.01, "T", "SMD", "USBC1_A_B8", "", "R", 11.81, 51.18, 0, 180],
		[156, "USBC1_B9", 873.58, -310.01, "T", "SMD", "+5V", "", "R", 11.81, 51.18, 0, 180],
		[157, "USBC1_0", 1515.28, -279.76, "T", "DIP", "GND", "GND", "O", 47.24, 78.74, 62.99, 180],
		[158, "USBC1_0", 1515.28, -279.76, "B", "DIP", "GND", "GND", "O", 47.24, 78.74, 62.99, 180],
		[159, "USBC1_1", 1174.72, -279.76, "T", "DIP", "GND", "GND", "O", 47.24, 78.74, 62.99, 180],
		[160, "USBC1_1", 1174.72, -279.76, "B", "DIP", "GND", "GND", "O", 47.24, 78.74, 62.99, 180],
		[161, "USBC1_2", 1174.72, -115.2, "T", "DIP", "GND", "GND", "O", 47.24, 70.87, 55.12, 180],
		[162, "USBC1_2", 1174.72, -115.2, "B", "DIP", "GND", "GND", "O", 47.24, 70.87, 55.12, 180],
		[163, "USBC1_3", 1515.28, -115.2, "T", "DIP", "GND", "GND", "O", 47.24, 70.87, 55.12, 180],
		[164, "USBC1_3", 1515.28, -115.2, "B", "DIP", "GND", "GND", "O", 47.24, 70.87, 55.12, 180],
		[165, "USBC1_A1", 1476.89, -310.01, "T", "SMD", "GND", "GND", "R", 11.81, 51.18, 0, 180],
		[166, "USBC1_A12", 1213.11, -310.01, "T", "SMD", "GND", "GND", "R", 11.81, 51.18, 0, 180],
		[167, "USBC1_A4", 1445.39, -310.01, "T", "SMD", "+5V", "", "R", 11.81, 51.18, 0, 180],
		[168, "USBC1_A5", 1394.21, -310.01, "T", "SMD", "CC1", "", "R", 11.81, 51.18, 0, 180],
		[169, "USBC1_A6", 1354.84, -310.01, "T", "SMD", "D+", "", "R", 11.81, 51.18, 0, 180],
		[170, "USBC1_A7", 1335.16, -310.01, "T", "SMD", "D-", "", "R", 11.81, 51.18, 0, 180],
		[171, "USBC1_A8", 1295.8, -310.01, "T", "SMD", "USBC1_B_A8", "", "R", 11.81, 51.18, 0, 180],
		[172, "USBC1_A9", 1244.6, -310.01, "T", "SMD", "+5V", "", "R", 11.81, 51.18, 0, 180],
		[173, "USBC1_B1", 1224.92, -310.01, "T", "SMD", "GND", "GND", "R", 11.81, 51.18, 0, 180],
		[174, "USBC1_B12", 1465.08, -310.01, "T", "SMD", "GND", "GND", "R", 11.81, 51.18, 0, 180],
		[175, "USBC1_B4", 1256.42, -310.01, "T", "SMD", "+5V", "", "R", 11.81, 51.18, 0, 180],
		[176, "USBC1_B5", 1276.1, -310.01, "T", "SMD", "CC2", "", "R", 11.81, 51.18, 0, 180],
		[177, "USBC1_B6", 1315.47, -310.01, "T", "SMD", "D+", "", "R", 11.81, 51.18, 0, 180],
		[178, "USBC1_B7", 1374.53, -310.01, "T", "SMD", "D-", "", "R", 11.81, 51.18, 0, 180],
		[179, "USBC1_B8", 1413.9, -310.01, "T", "SMD", "USBC1_B_B8", "", "R", 11.81, 51.18, 0, 180],
		[180, "USBC1_B9", 1433.58, -310.01, "T", "SMD", "+5V", "", "R", 11.81, 51.18, 0, 180],
		[181, "USBC1_0", 412.78, -936.57, "T", "DIP", "GND", "GND", "O", 47.24, 78.74, 62.99, 180],
		[182, "USBC1_0", 412.78, -936.57, "B", "DIP", "GND", "GND", "O", 47.24, 78.74, 62.99, 180],
		[183, "USBC1_1", 72.22, -936.57, "T", "DIP", "GND", "GND", "O", 47.24, 78.74, 62.99, 180],
		[184, "USBC1_1", 72.22, -936.57, "B", "DIP", "GND", "GND", "O", 47.24, 78.74, 62.99, 180],
		[185, "USBC1_2", 72.22, -772.01, "T", "DIP", "GND", "GND", "O", 47.24, 70.87, 55.12, 180],
		[186, "USBC1_2", 72.22, -772.01, "B", "DIP", "GND", "GND", "O", 47.24, 70.87, 55.12, 180],
		[187, "USBC1_3", 412.78, -772.01, "T", "DIP", "GND", "GND", "O", 47.24, 70.87, 55.12, 180],
		[188, "USBC1_3", 412.78, -772.01, "B", "DIP", "GND", "GND", "O", 47.24, 70.87, 55.12, 180],
		[189, "USBC1_A1", 374.39, -966.82, "T", "SMD", "GND", "GND", "R", 11.81, 51.18, 0, 180],
		[190, "USBC1_A12", 110.61, -966.82, "T", "SMD", "GND", "GND", "R", 11.81, 51.18, 0, 180],
		[191, "USBC1_A4", 342.89, -966.82, "T", "SMD", "+5V", "", "R", 11.81, 51.18, 0, 180],
		[192, "USBC1_A5", 291.71, -966.82, "T", "SMD", "CC1", "", "R", 11.81, 51.18, 0, 180],
		[193, "USBC1_A6", 252.34, -966.82, "T", "SMD", "D+", "", "R", 11.81, 51.18, 0, 180],
		[194, "USBC1_A7", 232.66, -966.82, "T", "SMD", "D-", "", "R", 11.81, 51.18, 0, 180],
		[195, "USBC1_A8", 193.3, -966.82, "T", "SMD", "USBC1_C_A8", "", "R", 11.81, 51.18, 0, 180],
		[196, "USBC1_A9", 142.1, -966.82, "T", "SMD", "+5V", "", "R", 11.81, 51.18, 0, 180],
		[197, "USBC1_B1", 122.42, -966.82, "T", "SMD", "GND", "GND", "R", 11.81, 51.18, 0, 180],
		[198, "USBC1_B12", 362.58, -966.82, "T", "SMD", "GND", "GND", "R", 11.81, 51.18, 0, 180],
		[199, "USBC1_B4", 153.92, -966.82, "T", "SMD", "+5V", "", "R", 11.81, 51.18, 0, 180],
		[200, "USBC1_B5", 173.6, -966.82, "T", "SMD", "CC2", "", "R", 11.81, 51.18, 0, 180],
		[201, "USBC1_B6", 212.97, -966.82, "T", "SMD", "D+", "", "R", 11.81, 51.18, 0, 180],
		[202, "USBC1_B7", 272.03, -966.82, "T", "SMD", "D-", "", "R", 11.81, 51.18, 0, 180],
		[203, "USBC1_B8", 311.4, -966.82, "T", "SMD", "USBC1_C_B8", "", "R", 11.81, 51.18, 0, 180],
		[204, "USBC1_B9", 331.08, -966.82, "T", "SMD", "+5V", "", "R", 11.81, 51.18, 0, 180],
		[205, "USBC1_0", 957.78, -932.95, "T", "DIP", "GND", "GND", "O", 47.24, 78.74, 62.99, 180],
		[206, "USBC1_0", 957.78, -932.95, "B", "DIP", "GND", "GND", "O", 47.24, 78.74, 62.99, 180],
		[207, "USBC1_1", 617.22, -932.95, "T", "DIP", "GND", "GND", "O", 47.24, 78.74, 62.99, 180],
		[208, "USBC1_1", 617.22, -932.95, "B", "DIP", "GND", "GND", "O", 47.24, 78.74, 62.99, 180],
		[209, "USBC1_2", 617.22, -768.39, "T", "DIP", "GND", "GND", "O", 47.24, 70.87, 55.12, 180],
		[210, "USBC1_2", 617.22, -768.39, "B", "DIP", "GND", "GND", "O", 47.24, 70.87, 55.12, 180],
		[211, "USBC1_3", 957.78, -768.39, "T", "DIP", "GND", "GND", "O", 47.24, 70.87, 55.12, 180],
		[212, "USBC1_3", 957.78, -768.39, "B", "DIP", "GND", "GND", "O", 47.24, 70.87, 55.12, 180],
		[213, "USBC1_A1", 919.39, -963.2, "T", "SMD", "GND", "GND", "R", 11.81, 51.18, 0, 180],
		[214, "USBC1_A12", 655.61, -963.2, "T", "SMD", "GND", "GND", "R", 11.81, 51.18, 0, 180],
		[215, "USBC1_A4", 887.89, -963.2, "T", "SMD", "+5V", "", "R", 11.81, 51.18, 0, 180],
		[216, "USBC1_A5", 836.71, -963.2, "T", "SMD", "CC1", "", "R", 11.81, 51.18, 0, 180],
		[217, "USBC1_A6", 797.34, -963.2, "T", "SMD", "D+", "", "R", 11.81, 51.18, 0, 180],
		[218, "USBC1_A7", 777.66, -963.2, "T", "SMD", "D-", "", "R", 11.81, 51.18, 0, 180],
		[219, "USBC1_A8", 738.3, -963.2, "T", "SMD", "USBC1_D_A8", "", "R", 11.81, 51.18, 0, 180],
		[220, "USBC1_A9", 687.1, -963.2, "T", "SMD", "+5V", "", "R", 11.81, 51.18, 0, 180],
		[221, "USBC1_B1", 667.42, -963.2, "T", "SMD", "GND", "GND", "R", 11.81, 51.18, 0, 180],
		[222, "USBC1_B12", 907.58, -963.2, "T", "SMD", "GND", "GND", "R", 11.81, 51.18, 0, 180],
		[223, "USBC1_B4", 698.92, -963.2, "T", "SMD", "+5V", "", "R", 11.81, 51.18, 0, 180],
		[224, "USBC1_B5", 718.6, -963.2, "T", "SMD", "CC2", "", "R", 11.81, 51.18, 0, 180],
		[225, "USBC1_B6", 757.97, -963.2, "T", "SMD", "D+", "", "R", 11.81, 51.18, 0, 180],
		[226, "USBC1_B7", 817.03, -963.2, "T", "SMD", "D-", "", "R", 11.81, 51.18, 0, 180],
		[227, "USBC1_B8", 856.4, -963.2, "T", "SMD", "USBC1_D_B8", "", "R", 11.81, 51.18, 0, 180],
		[228, "USBC1_B9", 876.08, -963.2, "T", "SMD", "+5V", "", "R", 11.81, 51.18, 0, 180],
		[229, "USBC1_0", 1517.78, -932.95, "T", "DIP", "GND", "GND", "O", 47.24, 78.74, 62.99, 180],
		[230, "USBC1_0", 1517.78, -932.95, "B", "DIP", "GND", "GND", "O", 47.24, 78.74, 62.99, 180],
		[231, "USBC1_1", 1177.22, -932.95, "T", "DIP", "GND", "GND", "O", 47.24, 78.74, 62.99, 180],
		[232, "USBC1_1", 1177.22, -932.95, "B", "DIP", "GND", "GND", "O", 47.24, 78.74, 62.99, 180],
		[233, "USBC1_2", 1177.22, -768.39, "T", "DIP", "GND", "GND", "O", 47.24, 70.87, 55.12, 180],
		[234, "USBC1_2", 1177.22, -768.39, "B", "DIP", "GND", "GND", "O", 47.24, 70.87, 55.12, 180],
		[235, "USBC1_3", 1517.78, -768.39, "T", "DIP", "GND", "GND", "O", 47.24, 70.87, 55.12, 180],
		[236, "USBC1_3", 1517.78, -768.39, "B", "DIP", "GND", "GND", "O", 47.24, 70.87, 55.12, 180],
		[237, "USBC1_A1", 1479.39, -963.2, "T", "SMD", "GND", "GND", "R", 11.81, 51.18, 0, 180],
		[238, "USBC1_A12", 1215.61, -963.2, "T", "SMD", "GND", "GND", "R", 11.81, 51.18, 0, 180],
		[239, "USBC1_A4", 1447.89, -963.2, "T", "SMD", "+5V", "", "R", 11.81, 51.18, 0, 180],
		[240, "USBC1_A5", 1396.71, -963.2, "T", "SMD", "CC1", "", "R", 11.81, 51.18, 0, 180],
		[241, "USBC1_A6", 1357.34, -963.2, "T", "SMD", "D+", "", "R", 11.81, 51.18, 0, 180],
		[242, "USBC1_A7", 1337.66, -963.2, "T", "SMD", "D-", "", "R", 11.81, 51.18, 0, 180],
		[243, "USBC1_A8", 1298.3, -963.2, "T", "SMD", "USBC1_E_A8", "", "R", 11.81, 51.18, 0, 180],
		[244, "USBC1_A9", 1247.1, -963.2, "T", "SMD", "+5V", "", "R", 11.81, 51.18, 0, 180],
		[245, "USBC1_B1", 1227.42, -963.2, "T", "SMD", "GND", "GND", "R", 11.81, 51.18, 0, 180],
		[246, "USBC1_B12", 1467.58, -963.2, "T", "SMD", "GND", "GND", "R", 11.81, 51.18, 0, 180],
		[247, "USBC1_B4", 1258.92, -963.2, "T", "SMD", "+5V", "", "R", 11.81, 51.18, 0, 180],
		[248, "USBC1_B5", 1278.6, -963.2, "T", "SMD", "CC2", "", "R", 11.81, 51.18, 0, 180],
		[249, "USBC1_B6", 1317.97, -963.2, "T", "SMD", "D+", "", "R", 11.81, 51.18, 0, 180],
		[250, "USBC1_B7", 1377.03, -963.2, "T", "SMD", "D-", "", "R", 11.81, 51.18, 0, 180],
		[251, "USBC1_B8", 1416.4, -963.2, "T", "SMD", "USBC1_E_B8", "", "R", 11.81, 51.18, 0, 180],
		[252, "USBC1_B9", 1436.08, -963.2, "T", "SMD", "+5V", "", "R", 11.81, 51.18, 0, 180],
		[253, "USBC1_0", 417.78, -1591.08, "T", "DIP", "GND", "GND", "O", 47.24, 78.74, 62.99, 180],
		[254, "USBC1_0", 417.78, -1591.08, "B", "DIP", "GND", "GND", "O", 47.24, 78.74, 62.99, 180],
		[255, "USBC1_1", 77.22, -1591.08, "T", "DIP", "GND", "GND", "O", 47.24, 78.74, 62.99, 180],
		[256, "USBC1_1", 77.22, -1591.08, "B", "DIP", "GND", "GND", "O", 47.24, 78.74, 62.99, 180],
		[257, "USBC1_2", 77.22, -1426.52, "T", "DIP", "GND", "GND", "O", 47.24, 70.87, 55.12, 180],
		[258, "USBC1_2", 77.22, -1426.52, "B", "DIP", "GND", "GND", "O", 47.24, 70.87, 55.12, 180],
		[259, "USBC1_3", 417.78, -1426.52, "T", "DIP", "GND", "GND", "O", 47.24, 70.87, 55.12, 180],
		[260, "USBC1_3", 417.78, -1426.52, "B", "DIP", "GND", "GND", "O", 47.24, 70.87, 55.12, 180],
		[261, "USBC1_A1", 379.39, -1621.33, "T", "SMD", "GND", "GND", "R", 11.81, 51.18, 0, 180],
		[262, "USBC1_A12", 115.61, -1621.33, "T", "SMD", "GND", "GND", "R", 11.81, 51.18, 0, 180],
		[263, "USBC1_A4", 347.89, -1621.33, "T", "SMD", "+5V", "", "R", 11.81, 51.18, 0, 180],
		[264, "USBC1_A5", 296.71, -1621.33, "T", "SMD", "CC1", "", "R", 11.81, 51.18, 0, 180],
		[265, "USBC1_A6", 257.34, -1621.33, "T", "SMD", "D+", "", "R", 11.81, 51.18, 0, 180],
		[266, "USBC1_A7", 237.66, -1621.33, "T", "SMD", "D-", "", "R", 11.81, 51.18, 0, 180],
		[267, "USBC1_A8", 198.3, -1621.33, "T", "SMD", "USBC1_F_A8", "", "R", 11.81, 51.18, 0, 180],
		[268, "USBC1_A9", 147.1, -1621.33, "T", "SMD", "+5V", "", "R", 11.81, 51.18, 0, 180],
		[269, "USBC1_B1", 127.42, -1621.33, "T", "SMD", "GND", "GND", "R", 11.81, 51.18, 0, 180],
		[270, "USBC1_B12", 367.58, -1621.33, "T", "SMD", "GND", "GND", "R", 11.81, 51.18, 0, 180],
		[271, "USBC1_B4", 158.92, -1621.33, "T", "SMD", "+5V", "", "R", 11.81, 51.18, 0, 180],
		[272, "USBC1_B5", 178.6, -1621.33, "T", "SMD", "CC2", "", "R", 11.81, 51.18, 0, 180],
		[273, "USBC1_B6", 217.97, -1621.33, "T", "SMD", "D+", "", "R", 11.81, 51.18, 0, 180],
		[274, "USBC1_B7", 277.03, -1621.33, "T", "SMD", "D-", "", "R", 11.81, 51.18, 0, 180],
		[275, "USBC1_B8", 316.4, -1621.33, "T", "SMD", "USBC1_F_B8", "", "R", 11.81, 51.18, 0, 180],
		[276, "USBC1_B9", 336.08, -1621.33, "T", "SMD", "+5V", "", "R", 11.81, 51.18, 0, 180],
		[277, "USBC1_0", 962.78, -1587.46, "T", "DIP", "GND", "GND", "O", 47.24, 78.74, 62.99, 180],
		[278, "USBC1_0", 962.78, -1587.46, "B", "DIP", "GND", "GND", "O", 47.24, 78.74, 62.99, 180],
		[279, "USBC1_1", 622.22, -1587.46, "T", "DIP", "GND", "GND", "O", 47.24, 78.74, 62.99, 180],
		[280, "USBC1_1", 622.22, -1587.46, "B", "DIP", "GND", "GND", "O", 47.24, 78.74, 62.99, 180],
		[281, "USBC1_2", 622.22, -1422.89, "T", "DIP", "GND", "GND", "O", 47.24, 70.87, 55.12, 180],
		[282, "USBC1_2", 622.22, -1422.89, "B", "DIP", "GND", "GND", "O", 47.24, 70.87, 55.12, 180],
		[283, "USBC1_3", 962.78, -1422.89, "T", "DIP", "GND", "GND", "O", 47.24, 70.87, 55.12, 180],
		[284, "USBC1_3", 962.78, -1422.89, "B", "DIP", "GND", "GND", "O", 47.24, 70.87, 55.12, 180],
		[285, "USBC1_A1", 924.39, -1617.71, "T", "SMD", "GND", "GND", "R", 11.81, 51.18, 0, 180],
		[286, "USBC1_A12", 660.61, -1617.71, "T", "SMD", "GND", "GND", "R", 11.81, 51.18, 0, 180],
		[287, "USBC1_A4", 892.89, -1617.71, "T", "SMD", "+5V", "", "R", 11.81, 51.18, 0, 180],
		[288, "USBC1_A5", 841.71, -1617.71, "T", "SMD", "CC1", "", "R", 11.81, 51.18, 0, 180],
		[289, "USBC1_A6", 802.34, -1617.71, "T", "SMD", "D+", "", "R", 11.81, 51.18, 0, 180],
		[290, "USBC1_A7", 782.66, -1617.71, "T", "SMD", "D-", "", "R", 11.81, 51.18, 0, 180],
		[291, "USBC1_A8", 743.3, -1617.71, "T", "SMD", "USBC1_G_A8", "", "R", 11.81, 51.18, 0, 180],
		[292, "USBC1_A9", 692.1, -1617.71, "T", "SMD", "+5V", "", "R", 11.81, 51.18, 0, 180],
		[293, "USBC1_B1", 672.42, -1617.71, "T", "SMD", "GND", "GND", "R", 11.81, 51.18, 0, 180],
		[294, "USBC1_B12", 912.58, -1617.71, "T", "SMD", "GND", "GND", "R", 11.81, 51.18, 0, 180],
		[295, "USBC1_B4", 703.92, -1617.71, "T", "SMD", "+5V", "", "R", 11.81, 51.18, 0, 180],
		[296, "USBC1_B5", 723.6, -1617.71, "T", "SMD", "CC2", "", "R", 11.81, 51.18, 0, 180],
		[297, "USBC1_B6", 762.97, -1617.71, "T", "SMD", "D+", "", "R", 11.81, 51.18, 0, 180],
		[298, "USBC1_B7", 822.03, -1617.71, "T", "SMD", "D-", "", "R", 11.81, 51.18, 0, 180],
		[299, "USBC1_B8", 861.4, -1617.71, "T", "SMD", "USBC1_G_B8", "", "R", 11.81, 51.18, 0, 180],
		[300, "USBC1_B9", 881.08, -1617.71, "T", "SMD", "+5V", "", "R", 11.81, 51.18, 0, 180],
		[301, "USBC1N1_0", 1522.78, -1587.46, "T", "DIP", "GND", "GND", "O", 47.24, 78.74, 62.99, 180],
		[302, "USBC1N1_0", 1522.78, -1587.46, "B", "DIP", "GND", "GND", "O", 47.24, 78.74, 62.99, 180],
		[303, "USBC1N1_1", 1182.22, -1587.46, "T", "DIP", "GND", "GND", "O", 47.24, 78.74, 62.99, 180],
		[304, "USBC1N1_1", 1182.22, -1587.46, "B", "DIP", "GND", "GND", "O", 47.24, 78.74, 62.99, 180],
		[305, "USBC1N1_2", 1182.22, -1422.89, "T", "DIP", "GND", "GND", "O", 47.24, 70.87, 55.12, 180],
		[306, "USBC1N1_2", 1182.22, -1422.89, "B", "DIP", "GND", "GND", "O", 47.24, 70.87, 55.12, 180],
		[307, "USBC1N1_3", 1522.78, -1422.89, "T", "DIP", "GND", "GND", "O", 47.24, 70.87, 55.12, 180],
		[308, "USBC1N1_3", 1522.78, -1422.89, "B", "DIP", "GND", "GND", "O", 47.24, 70.87, 55.12, 180],
		[309, "USBC1N1_A1", 1484.39, -1617.71, "T", "SMD", "GND", "GND", "R", 11.81, 51.18, 0, 180],
		[310, "USBC1N1_A12", 1220.61, -1617.71, "T", "SMD", "GND", "GND", "R", 11.81, 51.18, 0, 180],
		[311, "USBC1N1_A4", 1452.89, -1617.71, "T", "SMD", "+5V", "", "R", 11.81, 51.18, 0, 180],
		[312, "USBC1N1_A5", 1401.71, -1617.71, "T", "SMD", "CC1", "", "R", 11.81, 51.18, 0, 180],
		[313, "USBC1N1_A6", 1362.34, -1617.71, "T", "SMD", "D+", "", "R", 11.81, 51.18, 0, 180],
		[314, "USBC1N1_A7", 1342.66, -1617.71, "T", "SMD", "D-", "", "R", 11.81, 51.18, 0, 180],
		[315, "USBC1N1_A8", 1303.3, -1617.71, "T", "SMD", "USBC1N1_A8", "", "R", 11.81, 51.18, 0, 180],
		[316, "USBC1N1_A9", 1252.1, -1617.71, "T", "SMD", "+5V", "", "R", 11.81, 51.18, 0, 180],
		[317, "USBC1N1_B1", 1232.42, -1617.71, "T", "SMD", "GND", "GND", "R", 11.81, 51.18, 0, 180],
		[318, "USBC1N1_B12", 1472.58, -1617.71, "T", "SMD", "GND", "GND", "R", 11.81, 51.18, 0, 180],
		[319, "USBC1N1_B4", 1263.92, -1617.71, "T", "SMD", "+5V", "", "R", 11.81, 51.18, 0, 180],
		[320, "USBC1N1_B5", 1283.6, -1617.71, "T", "SMD", "CC2", "", "R", 11.81, 51.18, 0, 180],
		[321, "USBC1N1_B6", 1322.97, -1617.71, "T", "SMD", "D+", "", "R", 11.81, 51.18, 0, 180],
		[322, "USBC1N1_B7", 1382.03, -1617.71, "T", "SMD", "D-", "", "R", 11.81, 51.18, 0, 180],
		[323, "USBC1N1_B8", 1421.4, -1617.71, "T", "SMD", "USBC1N1_B8", "", "R", 11.81, 51.18, 0, 180],
		[324, "USBC1N1_B9", 1441.08, -1617.71, "T", "SMD", "+5V", "", "R", 11.81, 51.18, 0, 180]
	]
}
}